source_id,source_name,permanent_identifier,location,extracted_requirement,classification,implementation_component,verification
SRC-001,Primary publication,https://doi.org/10.1109/IECON49645.2022.9968382,"Abstract; Section I","One unified controller should support grid-connected and standalone BESS operation and efficient power distribution.",DIRECT_SOURCE,"Unified controller and supervisor","Mode and scenario tests"
SRC-001,Primary publication,https://doi.org/10.1109/IECON49645.2022.9968382,"Section I","The framework should support accurate active/reactive power sharing, grid-tied voltage/frequency support, secondary P/Q references, and synchronization with minimum transients.",DIRECT_SOURCE,"P/Q regulation; grid support; synchronization","BESS-MODE-001/002/005 and scenarios A/E"
SRC-001,Primary publication,https://doi.org/10.1109/IECON49645.2022.9968382,"Section II; Figures 1 and 2 descriptions","The BESS includes a DC/AC inverter and a DC/DC interface; the DC/DC DSP control is outside the paper scope.",DIRECT_SOURCE,"Averaged converter boundary; DC availability interface","Plant build and boundary tests"
SRC-001,Primary publication,https://doi.org/10.1109/IECON49645.2022.9968382,"Section III.B","Grid-following operation uses a PLL and current control, behaves as a current source, and follows real/reactive power references.",DIRECT_SOURCE,"Grid-following controller","Scenario A and independent transform/power tests"
SRC-001,Primary publication,https://doi.org/10.1109/IECON49645.2022.9968382,"Section III.B; Tables I and II","Reported grid-tied/grid-supporting cases exercise 10 MW active power and 8 MW with +4 or -4 MVar.",DIRECT_SOURCE,"Normalized P/Q scenarios based on 10 MVA","Scenario A and source-case coverage"
SRC-001,Primary publication,https://doi.org/10.1109/IECON49645.2022.9968382,"Figures 3 and 4; PDF pages 3 and 4","CONFLICT: Figure cases show 8 MW active and 2 Mvar reactive events near 3 seconds, conflicting with the +/-4 table variants.",DIRECT_SOURCE,"Source-case variants retained without claiming numeric reproduction","Source-ledger and documentation audit only"
SRC-001,Primary publication,https://doi.org/10.1109/IECON49645.2022.9968382,"Section III.C","Grid-forming control behaves as a voltage source, uses P-omega and Q-V relationships, and need not depend on a PLL.",DIRECT_SOURCE,"Grid-forming droop controller","Scenarios C/D and droop checks"
SRC-001,Primary publication,https://doi.org/10.1109/IECON49645.2022.9968382,"Section III.C; Tables III and IV","Reported grid-forming/VSG cases exercise no load, 10 MW resistive load, 8 MVar inductive load, and combined 8 MW/+4 MVar load.",DIRECT_SOURCE,"Normalized islanded scenarios exercise load classes but do not reproduce conflicting paper values or VSG","Documentation comparison audit only"
SRC-001,Primary publication,https://doi.org/10.1109/IECON49645.2022.9968382,"Figure 5; Tables III and IV; PDF pages 5 and 6","CONFLICT: Printed 8e6 MVar/MW entries and 8-versus-10 MW mixed-load text are internally inconsistent and must not be treated as exact parameters.",DIRECT_SOURCE,"Conflicts disclosed; centralized starter parameters used; published numeric cases not reproduced","Source-ledger and documentation audit only"
SRC-001,Primary publication,https://doi.org/10.1109/IECON49645.2022.9968382,"Section III.C VSG mode","VSG behavior emulates rotor dynamics and steady-state P-omega droop; the reported AVR response becomes apparent after about 100-200 ms.",DIRECT_SOURCE,"Not implemented: VSG inertia swing equation AVR and governor are outside this stiff-GFM translation","Documentation exclusion audit only"
SRC-001,Primary publication,https://doi.org/10.1109/IECON49645.2022.9968382,"Section III.D","The paper evaluates a single operating point; it models the BESS as an ideal power source and omits converter-grid dynamic interactions and SoC reserve effects.",DIRECT_SOURCE,"Scope and limitations","Documentation audit"
SRC-001,Primary publication,https://doi.org/10.1109/IECON49645.2022.9968382,"Section IV","Planned/unplanned islanding and main-grid reconnection transitions are future work.",DIRECT_SOURCE,"Transition logic marked PROJECT_ASSUMPTION","Transition traceability and documentation audit"
SRC-002,Authorized author deposit,https://zenodo.org/records/7844360,"CC BY 4.0 record; file 2022147093.pdf","Provides the legally accessible full publication including Figures 1 and 2 architecture and Figures 3 to 6 result cases.",DIRECT_SOURCE,"Source review only; original diagrams are redrawn","Source-ledger audit"
SRC-002,Authorized author deposit,https://zenodo.org/records/7844360/files/2022147093.pdf,"Figure 1; PDF page 2","The framework selects four cases: grid-following without droop, grid-supporting with droop, stiff grid-forming with droop, and VSG.",DIRECT_SOURCE,"Implemented subset: grid-following grid-supporting and stiff grid-forming; VSG explicitly excluded","Mode-coverage and exclusion documentation audit"
SRC-002,Authorized author deposit,https://zenodo.org/records/7844360/files/2022147093.pdf,"Figure 2; PDF page 3","Shared DC/AC inverter, filter, PCC and microgrid; GFL PLL/PQ/current branch; stiff-GFM droop/voltage/current branch; VSG synchronizing, AVR/governor, electromechanical and current branch.",DIRECT_SOURCE,"Original project architecture redraw; implemented reduced-order GFL and stiff-GFM subset only","Architecture model-build and exclusion documentation audit"
SRC-003,Public BESS specification,https://rezwankhan.tech/models/bess-control/,"Modes; Interfaces; Scenarios; Evidence","The public translation identifies the required mode, interface, scenario, and evidence categories.",DIRECT_SOURCE,"Requirements grouping","Traceability completeness test"
SRC-004,Public research summary,https://rezwankhan.tech/research/bess-grid-control/,"Control problem; Grid-tied; Grid-forming; Framework; Validation","The controller should share a common architecture across following and forming roles and be evaluated under relevant scenarios.",DIRECT_SOURCE,"Unified architecture and documentation","Mode/scenario coverage"
SRC-005,Repository modeling standards,https://github.com/mohammadrezwankhan/matlab-simulink-energy-lab/blob/main/notes/modeling-standards.md,"Minimum example requirements","The example must state an engineering question, assumptions, units, expected output, and validation limits.",DIRECT_SOURCE,"README and validation documentation","Documentation audit"
SRC-006,Goal acceptance specification,local-user-provided-goal-2026-07-28,"Sections 6-21","Adds explicit transitions, faults, boundary cases, numeric fallback gates, release, and website publication requirements.",DIRECT_SOURCE,"Supervisor; tests; evidence; publication workflow","Completion-gate audit"
SRC-007,Crossref DOI metadata,https://api.crossref.org/works/10.1109%2FIECON49645.2022.9968382,"Work metadata","Independently confirms title, authorship, venue, publication year, and DOI.",DIRECT_SOURCE,"Citation metadata","Citation audit"
ASM-001,Reduced-order averaged plant,PROJECT_ASSUMPTION:ASM-001,"Assumption register","Use a deterministic averaged three-phase converter/PCC response because the paper states an ideal-power-source limitation and does not publish converter parameters.",PROJECT_ASSUMPTION,"Balanced dq-current/filter-equivalent plant kernel","Independent transform steady-state and limit tests"
ASM-002,Transition supervisor,PROJECT_ASSUMPTION:ASM-002,"Assumption register","Implement explicit islanding, synchronization, reconnection, recovery, and fault-safe states because the paper names transitions as future work.",PROJECT_ASSUMPTION,"Supervisor state machine","Scenarios C/E/G"
ASM-003,Numeric fallback gates,PROJECT_ASSUMPTION:ASM-003,"Assumption register","Use the goal's 2% P/Q, 2% voltage, 0.1% frequency, transition-envelope, current-limit, and synchronization gates where the paper is silent.",PROJECT_ASSUMPTION,"Scenario scorer and tests","All scenario metrics"
ASM-004,Starter parameters,PROJECT_ASSUMPTION:ASM-004,"Assumption register","Use centralized replaceable 10 MVA, 690 V, 50 Hz educational starter values and documented controller time constants.",PROJECT_ASSUMPTION,"Parameter function","Parameter validation and sensitivity tests"
